peak_period,n,MAE_kW,RMSE_kW,PI90_coverage
False,3392.0,0.568207069223442,1.5091187879695713,0.9112617924528302
True,2868.0,2.3133624759370504,4.164644793683969,0.6691073919107392
